Elève n°;Nom
1;Eleve 1
2;Eleve 2
3;Eleve 3
4;Eleve 4
5;Eleve 5
6;Eleve 6
7;Eleve 7
8;Eleve 8
9;Eleve 9
10;Eleve 10
11;Eleve 11
12;Eleve 12
13;Eleve 13
14;Eleve 14
15;Eleve 15
16;Eleve 16
17;Eleve 17
18;Eleve 18
19;Eleve 19
20;Eleve 20
21;Eleve 21
22;Eleve 22
23;Eleve 23
24;Eleve 24
25;Eleve 25
26;Eleve 26
27;Eleve 27
28;Eleve 28
29;Eleve 29
30;Eleve 30
31;Eleve 31
32;Eleve 32
33;Eleve 33
34;Eleve 34
35;Eleve 35
36;Eleve 36
37;Eleve 37
38;Eleve 38
39;Eleve 39
40;Eleve 40
41;Eleve 41
42;Eleve 42
43;Eleve 43
44;Eleve 44
45;Eleve 45
46;Eleve 46
47;Eleve 47
48;Eleve 48
49;Eleve 49
50;Eleve 50
51;Eleve 51
52;Eleve 52
53;Eleve 53
54;Eleve 54
55;Eleve 55
56;Eleve 56
57;Eleve 57
58;Eleve 58
59;Eleve 59
60;Eleve 60
61;Eleve 61
62;Eleve 62
63;Eleve 63
64;Eleve 64
65;Eleve 65
66;Eleve 66
67;Eleve 67
68;Eleve 68
69;Eleve 69
70;Eleve 70
71;Eleve 71
72;Eleve 72
73;Eleve 73
74;Eleve 74
75;Eleve 75
76;Eleve 76
77;Eleve 77
78;Eleve 78
79;Eleve 79
80;Eleve 80
81;Eleve 81
82;Eleve 82
83;Eleve 83
84;Eleve 84
85;Eleve 85
86;Eleve 86
87;Eleve 87
88;Eleve 88
89;Eleve 89
90;Eleve 90
91;Eleve 91
92;Eleve 92
93;Eleve 93
94;Eleve 94
95;Eleve 95
96;Eleve 96
97;Eleve 97
98;Eleve 98
99;Eleve 99
100;Eleve 100
101;Eleve 101
102;Eleve 102
103;Eleve 103
104;Eleve 104
105;Eleve 105
106;Eleve 106
107;Eleve 107
108;Eleve 108
109;Eleve 109
110;Eleve 110
111;Eleve 111
112;Eleve 112
113;Eleve 113
114;Eleve 114
115;Eleve 115
116;Eleve 116
117;Eleve 117
118;Eleve 118
119;Eleve 119
120;Eleve 120
121;Eleve 121
122;Eleve 122
123;Eleve 123
124;Eleve 124
125;Eleve 125
126;Eleve 126
127;Eleve 127
128;Eleve 128
129;Eleve 129
130;Eleve 130
131;Eleve 131
132;Eleve 132
133;Eleve 133
134;Eleve 134
135;Eleve 135
136;Eleve 136
137;Eleve 137
138;Eleve 138
139;Eleve 139
140;Eleve 140
141;Eleve 141
142;Eleve 142
143;Eleve 143
144;Eleve 144
145;Eleve 145
146;Eleve 146
147;Eleve 147
148;Eleve 148
149;Eleve 149
150;Eleve 150
